{"-87.6": {"24": true, "24.1": true, "24.2": true, "24.3": true, "24.4": true, "24.5": true, "24.6": true, "24.7": true, "24.8": true, "24.9": true, "25.0": true, "25.1": true, "25.2": true, "25.3": true, "25.4": true, "25.5": true, "25.6": true, "25.7": true, "25.8": true, "25.9": true, "26.0": true, "26.1": true, "26.2": true, "26.3": true, "26.4": true, "26.5": true, "26.6": true, "26.7": true, "26.8": true, "26.9": true, "27.0": true, "27.1": true, "27.2": true, "27.3": true, "27.4": true, "27.5": true, "27.6": true, "27.7": true, "27.8": true, "27.9": true, "28.0": true, "28.1": true, "28.2": true, "28.3": true, "28.4": true, "28.5": true, "28.6": true, "28.7": true, "28.8": true, "28.9": true, "29.0": true, "29.1": true, "29.2": true, "29.3": true, "29.4": true, "29.5": true, "29.6": true, "29.7": true, "29.8": true, "29.9": true, "30.0": true, "30.1": true, "30.2": true, "30.3": false, "30.4": false, "30.5": false, "30.6": false, "30.7": false, "30.8": false, "30.9": false, "31.0": false}, "-87.5": {"24": true, "24.1": true, "24.2": true, "24.3": true, "24.4": true, "24.5": true, "24.6": true, "24.7": true, "24.8": true, "24.9": true, "25.0": true, "25.1": true, "25.2": true, "25.3": true, "25.4": true, "25.5": true, "25.6": true, "25.7": true, "25.8": true, "25.9": true, "26.0": true, "26.1": true, "26.2": true, "26.3": true, "26.4": true, "26.5": true, "26.6": true, "26.7": true, "26.8": true, "26.9": true, "27.0": true, "27.1": true, "27.2": true, "27.3": true, "27.4": true, "27.5": true, "27.6": true, "27.7": true, "27.8": true, "27.9": true, "28.0": true, "28.1": true, "28.2": true, "28.3": true, "28.4": true, "28.5": true, "28.6": true, "28.7": true, "28.8": true, "28.9": true, "29.0": true, "29.1": true, "29.2": true, "29.3": true, "29.4": true, "29.5": true, "29.6": true, "29.7": true, "29.8": true, "29.9": true, "30.0": true, "30.1": true, "30.2": true, "30.3": false, "30.4": false, "30.5": false, "30.6": false, "30.7": false, "30.8": false, "30.9": false, "31.0": false}, "-87.4": {"24": true, "24.1": true, "24.2": true, "24.3": true, "24.4": true, "24.5": true, "24.6": true, "24.7": true, "24.8": true, "24.9": true, "25.0": true, "25.1": true, "25.2": true, "25.3": true, "25.4": true, "25.5": true, "25.6": true, "25.7": true, "25.8": true, "25.9": true, "26.0": true, "26.1": true, "26.2": true, "26.3": true, "26.4": true, "26.5": true, "26.6": true, "26.7": true, "26.8": true, "26.9": true, "27.0": true, "27.1": true, "27.2": true, "27.3": true, "27.4": true, "27.5": true, "27.6": true, "27.7": true, "27.8": true, "27.9": true, "28.0": true, "28.1": true, "28.2": true, "28.3": true, "28.4": true, "28.5": true, "28.6": true, "28.7": true, "28.8": true, "28.9": true, "29.0": true, "29.1": true, "29.2": true, "29.3": true, "29.4": true, "29.5": true, "29.6": true, "29.7": true, "29.8": true, "29.9": true, "30.0": true, "30.1": true, "30.2": true, "30.3": true, "30.4": false, "30.5": false, "30.6": false, "30.7": false, "30.8": false, "30.9": false, "31.0": false}, "-87.3": {"24": true, "24.1": true, "24.2": true, "24.3": true, "24.4": true, "24.5": true, "24.6": true, "24.7": true, "24.8": true, "24.9": true, "25.0": true, "25.1": true, "25.2": true, "25.3": true, "25.4": true, "25.5": true, "25.6": true, "25.7": true, "25.8": true, "25.9": true, "26.0": true, "26.1": true, "26.2": true, "26.3": true, "26.4": true, "26.5": true, "26.6": true, "26.7": true, "26.8": true, "26.9": true, "27.0": true, "27.1": true, "27.2": true, "27.3": true, "27.4": true, "27.5": true, "27.6": true, "27.7": true, "27.8": true, "27.9": true, "28.0": true, "28.1": true, "28.2": true, "28.3": true, "28.4": true, "28.5": true, "28.6": true, "28.7": true, "28.8": true, "28.9": true, "29.0": true, "29.1": true, "29.2": true, "29.3": true, "29.4": true, "29.5": true, "29.6": true, "29.7": true, "29.8": true, "29.9": true, "30.0": true, "30.1": true, "30.2": true, "30.3": true, "30.4": false, "30.5": false, "30.6": false, "30.7": false, "30.8": false, "30.9": false, "31.0": false}, "-87.2": {"24": true, "24.1": true, "24.2": true, "24.3": true, "24.4": true, "24.5": true, "24.6": true, "24.7": true, "24.8": true, "24.9": true, "25.0": true, "25.1": true, "25.2": true, "25.3": true, "25.4": true, "25.5": true, "25.6": true, "25.7": true, "25.8": true, "25.9": true, "26.0": true, "26.1": true, "26.2": true, "26.3": true, "26.4": true, "26.5": true, "26.6": true, "26.7": true, "26.8": true, "26.9": true, "27.0": true, "27.1": true, "27.2": true, "27.3": true, "27.4": true, "27.5": true, "27.6": true, "27.7": true, "27.8": true, "27.9": true, "28.0": true, "28.1": true, "28.2": true, "28.3": true, "28.4": true, "28.5": true, "28.6": true, "28.7": true, "28.8": true, "28.9": true, "29.0": true, "29.1": true, "29.2": true, "29.3": true, "29.4": true, "29.5": true, "29.6": true, "29.7": true, "29.8": true, "29.9": true, "30.0": true, "30.1": true, "30.2": true, "30.3": true, "30.4": true, "30.5": false, "30.6": false, "30.7": false, "30.8": false, "30.9": false, "31.0": false}, "-87.1": {"24": true, "24.1": true, "24.2": true, "24.3": true, "24.4": true, "24.5": true, "24.6": true, "24.7": true, "24.8": true, "24.9": true, "25.0": true, "25.1": true, "25.2": true, "25.3": true, "25.4": true, "25.5": true, "25.6": true, "25.7": true, "25.8": true, "25.9": true, "26.0": true, "26.1": true, "26.2": true, "26.3": true, "26.4": true, "26.5": true, "26.6": true, "26.7": true, "26.8": true, "26.9": true, "27.0": true, "27.1": true, "27.2": true, "27.3": true, "27.4": true, "27.5": true, "27.6": true, "27.7": true, "27.8": true, "27.9": true, "28.0": true, "28.1": true, "28.2": true, "28.3": true, "28.4": true, "28.5": true, "28.6": true, "28.7": true, "28.8": true, "28.9": true, "29.0": true, "29.1": true, "29.2": true, "29.3": true, "29.4": true, "29.5": true, "29.6": true, "29.7": true, "29.8": true, "29.9": true, "30.0": true, "30.1": true, "30.2": true, "30.3": true, "30.4": true, "30.5": true, "30.6": false, "30.7": false, "30.8": false, "30.9": false, "31.0": false}, "-87.0": {"24": true, "24.1": true, "24.2": true, "24.3": true, "24.4": true, "24.5": true, "24.6": true, "24.7": true, "24.8": true, "24.9": true, "25.0": true, "25.1": true, "25.2": true, "25.3": true, "25.4": true, "25.5": true, "25.6": true, "25.7": true, "25.8": true, "25.9": true, "26.0": true, "26.1": true, "26.2": true, "26.3": true, "26.4": true, "26.5": true, "26.6": true, "26.7": true, "26.8": true, "26.9": true, "27.0": true, "27.1": true, "27.2": true, "27.3": true, "27.4": true, "27.5": true, "27.6": true, "27.7": true, "27.8": true, "27.9": true, "28.0": true, "28.1": true, "28.2": true, "28.3": true, "28.4": true, "28.5": true, "28.6": true, "28.7": true, "28.8": true, "28.9": true, "29.0": true, "29.1": true, "29.2": true, "29.3": true, "29.4": true, "29.5": true, "29.6": true, "29.7": true, "29.8": true, "29.9": true, "30.0": true, "30.1": true, "30.2": true, "30.3": true, "30.4": false, "30.5": false, "30.6": false, "30.7": false, "30.8": false, "30.9": false, "31.0": false}, "-86.9": {"24": true, "24.1": true, "24.2": true, "24.3": true, "24.4": true, "24.5": true, "24.6": true, "24.7": true, "24.8": true, "24.9": true, "25.0": true, "25.1": true, "25.2": true, "25.3": true, "25.4": true, "25.5": true, "25.6": true, "25.7": true, "25.8": true, "25.9": true, "26.0": true, "26.1": true, "26.2": true, "26.3": true, "26.4": true, "26.5": true, "26.6": true, "26.7": true, "26.8": true, "26.9": true, "27.0": true, "27.1": true, "27.2": true, "27.3": true, "27.4": true, "27.5": true, "27.6": true, "27.7": true, "27.8": true, "27.9": true, "28.0": true, "28.1": true, "28.2": true, "28.3": true, "28.4": true, "28.5": true, "28.6": true, "28.7": true, "28.8": true, "28.9": true, "29.0": true, "29.1": true, "29.2": true, "29.3": true, "29.4": true, "29.5": true, "29.6": true, "29.7": true, "29.8": true, "29.9": true, "30.0": true, "30.1": true, "30.2": true, "30.3": true, "30.4": false, "30.5": false, "30.6": false, "30.7": false, "30.8": false, "30.9": false, "31.0": false}, "-86.8": {"24": true, "24.1": true, "24.2": true, "24.3": true, "24.4": true, "24.5": true, "24.6": true, "24.7": true, "24.8": true, "24.9": true, "25.0": true, "25.1": true, "25.2": true, "25.3": true, "25.4": true, "25.5": true, "25.6": true, "25.7": true, "25.8": true, "25.9": true, "26.0": true, "26.1": true, "26.2": true, "26.3": true, "26.4": true, "26.5": true, "26.6": true, "26.7": true, "26.8": true, "26.9": true, "27.0": true, "27.1": true, "27.2": true, "27.3": true, "27.4": true, "27.5": true, "27.6": true, "27.7": true, "27.8": true, "27.9": true, "28.0": true, "28.1": true, "28.2": true, "28.3": true, "28.4": true, "28.5": true, "28.6": true, "28.7": true, "28.8": true, "28.9": true, "29.0": true, "29.1": true, "29.2": true, "29.3": true, "29.4": true, "29.5": true, "29.6": true, "29.7": true, "29.8": true, "29.9": true, "30.0": true, "30.1": true, "30.2": true, "30.3": true, "30.4": true, "30.5": false, "30.6": false, "30.7": false, "30.8": false, "30.9": false, "31.0": false}, "-86.7": {"24": true, "24.1": true, "24.2": true, "24.3": true, "24.4": true, "24.5": true, "24.6": true, "24.7": true, "24.8": true, "24.9": true, "25.0": true, "25.1": true, "25.2": true, "25.3": true, "25.4": true, "25.5": true, "25.6": true, "25.7": true, "25.8": true, "25.9": true, "26.0": true, "26.1": true, "26.2": true, "26.3": true, "26.4": true, "26.5": true, "26.6": true, "26.7": true, "26.8": true, "26.9": true, "27.0": true, "27.1": true, "27.2": true, "27.3": true, "27.4": true, "27.5": true, "27.6": true, "27.7": true, "27.8": true, "27.9": true, "28.0": true, "28.1": true, "28.2": true, "28.3": true, "28.4": true, "28.5": true, "28.6": true, "28.7": true, "28.8": true, "28.9": true, "29.0": true, "29.1": true, "29.2": true, "29.3": true, "29.4": true, "29.5": true, "29.6": true, "29.7": true, "29.8": true, "29.9": true, "30.0": true, "30.1": true, "30.2": true, "30.3": true, "30.4": false, "30.5": false, "30.6": false, "30.7": false, "30.8": false, "30.9": false, "31.0": false}, "-86.6": {"24": true, "24.1": true, "24.2": true, "24.3": true, "24.4": true, "24.5": true, "24.6": true, "24.7": true, "24.8": true, "24.9": true, "25.0": true, "25.1": true, "25.2": true, "25.3": true, "25.4": true, "25.5": true, "25.6": true, "25.7": true, "25.8": true, "25.9": true, "26.0": true, "26.1": true, "26.2": true, "26.3": true, "26.4": true, "26.5": true, "26.6": true, "26.7": true, "26.8": true, "26.9": true, "27.0": true, "27.1": true, "27.2": true, "27.3": true, "27.4": true, "27.5": true, "27.6": true, "27.7": true, "27.8": true, "27.9": true, "28.0": true, "28.1": true, "28.2": true, "28.3": true, "28.4": true, "28.5": true, "28.6": true, "28.7": true, "28.8": true, "28.9": true, "29.0": true, "29.1": true, "29.2": true, "29.3": true, "29.4": true, "29.5": true, "29.6": true, "29.7": true, "29.8": true, "29.9": true, "30.0": true, "30.1": true, "30.2": true, "30.3": true, "30.4": false, "30.5": false, "30.6": false, "30.7": false, "30.8": false, "30.9": false, "31.0": false}, "-86.5": {"24": true, "24.1": true, "24.2": true, "24.3": true, "24.4": true, "24.5": true, "24.6": true, "24.7": true, "24.8": true, "24.9": true, "25.0": true, "25.1": true, "25.2": true, "25.3": true, "25.4": true, "25.5": true, "25.6": true, "25.7": true, "25.8": true, "25.9": true, "26.0": true, "26.1": true, "26.2": true, "26.3": true, "26.4": true, "26.5": true, "26.6": true, "26.7": true, "26.8": true, "26.9": true, "27.0": true, "27.1": true, "27.2": true, "27.3": true, "27.4": true, "27.5": true, "27.6": true, "27.7": true, "27.8": true, "27.9": true, "28.0": true, "28.1": true, "28.2": true, "28.3": true, "28.4": true, "28.5": true, "28.6": true, "28.7": true, "28.8": true, "28.9": true, "29.0": true, "29.1": true, "29.2": true, "29.3": true, "29.4": true, "29.5": true, "29.6": true, "29.7": true, "29.8": true, "29.9": true, "30.0": true, "30.1": true, "30.2": true, "30.3": true, "30.4": false, "30.5": false, "30.6": false, "30.7": false, "30.8": false, "30.9": false, "31.0": false}, "-86.4": {"24": true, "24.1": true, "24.2": true, "24.3": true, "24.4": true, "24.5": true, "24.6": true, "24.7": true, "24.8": true, "24.9": true, "25.0": true, "25.1": true, "25.2": true, "25.3": true, "25.4": true, "25.5": true, "25.6": true, "25.7": true, "25.8": true, "25.9": true, "26.0": true, "26.1": true, "26.2": true, "26.3": true, "26.4": true, "26.5": true, "26.6": true, "26.7": true, "26.8": true, "26.9": true, "27.0": true, "27.1": true, "27.2": true, "27.3": true, "27.4": true, "27.5": true, "27.6": true, "27.7": true, "27.8": true, "27.9": true, "28.0": true, "28.1": true, "28.2": true, "28.3": true, "28.4": true, "28.5": true, "28.6": true, "28.7": true, "28.8": true, "28.9": true, "29.0": true, "29.1": true, "29.2": true, "29.3": true, "29.4": true, "29.5": true, "29.6": true, "29.7": true, "29.8": true, "29.9": true, "30.0": true, "30.1": true, "30.2": true, "30.3": true, "30.4": true, "30.5": false, "30.6": false, "30.7": false, "30.8": false, "30.9": false, "31.0": false}, "-86.3": {"24": true, "24.1": true, "24.2": true, "24.3": true, "24.4": true, "24.5": true, "24.6": true, "24.7": true, "24.8": true, "24.9": true, "25.0": true, "25.1": true, "25.2": true, "25.3": true, "25.4": true, "25.5": true, "25.6": true, "25.7": true, "25.8": true, "25.9": true, "26.0": true, "26.1": true, "26.2": true, "26.3": true, "26.4": true, "26.5": true, "26.6": true, "26.7": true, "26.8": true, "26.9": true, "27.0": true, "27.1": true, "27.2": true, "27.3": true, "27.4": true, "27.5": true, "27.6": true, "27.7": true, "27.8": true, "27.9": true, "28.0": true, "28.1": true, "28.2": true, "28.3": true, "28.4": true, "28.5": true, "28.6": true, "28.7": true, "28.8": true, "28.9": true, "29.0": true, "29.1": true, "29.2": true, "29.3": true, "29.4": true, "29.5": true, "29.6": true, "29.7": true, "29.8": true, "29.9": true, "30.0": true, "30.1": true, "30.2": true, "30.3": true, "30.4": false, "30.5": false, "30.6": false, "30.7": false, "30.8": false, "30.9": false, "31.0": false}, "-86.2": {"24": true, "24.1": true, "24.2": true, "24.3": true, "24.4": true, "24.5": true, "24.6": true, "24.7": true, "24.8": true, "24.9": true, "25.0": true, "25.1": true, "25.2": true, "25.3": true, "25.4": true, "25.5": true, "25.6": true, "25.7": true, "25.8": true, "25.9": true, "26.0": true, "26.1": true, "26.2": true, "26.3": true, "26.4": true, "26.5": true, "26.6": true, "26.7": true, "26.8": true, "26.9": true, "27.0": true, "27.1": true, "27.2": true, "27.3": true, "27.4": true, "27.5": true, "27.6": true, "27.7": true, "27.8": true, "27.9": true, "28.0": true, "28.1": true, "28.2": true, "28.3": true, "28.4": true, "28.5": true, "28.6": true, "28.7": true, "28.8": true, "28.9": true, "29.0": true, "29.1": true, "29.2": true, "29.3": true, "29.4": true, "29.5": true, "29.6": true, "29.7": true, "29.8": true, "29.9": true, "30.0": true, "30.1": true, "30.2": true, "30.3": true, "30.4": true, "30.5": true, "30.6": false, "30.7": false, "30.8": false, "30.9": false, "31.0": false}, "-86.1": {"24": true, "24.1": true, "24.2": true, "24.3": true, "24.4": true, "24.5": true, "24.6": true, "24.7": true, "24.8": true, "24.9": true, "25.0": true, "25.1": true, "25.2": true, "25.3": true, "25.4": true, "25.5": true, "25.6": true, "25.7": true, "25.8": true, "25.9": true, "26.0": true, "26.1": true, "26.2": true, "26.3": true, "26.4": true, "26.5": true, "26.6": true, "26.7": true, "26.8": true, "26.9": true, "27.0": true, "27.1": true, "27.2": true, "27.3": true, "27.4": true, "27.5": true, "27.6": true, "27.7": true, "27.8": true, "27.9": true, "28.0": true, "28.1": true, "28.2": true, "28.3": true, "28.4": true, "28.5": true, "28.6": true, "28.7": true, "28.8": true, "28.9": true, "29.0": true, "29.1": true, "29.2": true, "29.3": true, "29.4": true, "29.5": true, "29.6": true, "29.7": true, "29.8": true, "29.9": true, "30.0": true, "30.1": true, "30.2": true, "30.3": true, "30.4": false, "30.5": false, "30.6": false, "30.7": false, "30.8": false, "30.9": false, "31.0": false}, "-86.0": {"24": true, "24.1": true, "24.2": true, "24.3": true, "24.4": true, "24.5": true, "24.6": true, "24.7": true, "24.8": true, "24.9": true, "25.0": true, "25.1": true, "25.2": true, "25.3": true, "25.4": true, "25.5": true, "25.6": true, "25.7": true, "25.8": true, "25.9": true, "26.0": true, "26.1": true, "26.2": true, "26.3": true, "26.4": true, "26.5": true, "26.6": true, "26.7": true, "26.8": true, "26.9": true, "27.0": true, "27.1": true, "27.2": true, "27.3": true, "27.4": true, "27.5": true, "27.6": true, "27.7": true, "27.8": true, "27.9": true, "28.0": true, "28.1": true, "28.2": true, "28.3": true, "28.4": true, "28.5": true, "28.6": true, "28.7": true, "28.8": true, "28.9": true, "29.0": true, "29.1": true, "29.2": true, "29.3": true, "29.4": true, "29.5": true, "29.6": true, "29.7": true, "29.8": true, "29.9": true, "30.0": true, "30.1": true, "30.2": true, "30.3": false, "30.4": false, "30.5": false, "30.6": false, "30.7": false, "30.8": false, "30.9": false, "31.0": false}, "-85.9": {"24": true, "24.1": true, "24.2": true, "24.3": true, "24.4": true, "24.5": true, "24.6": true, "24.7": true, "24.8": true, "24.9": true, "25.0": true, "25.1": true, "25.2": true, "25.3": true, "25.4": true, "25.5": true, "25.6": true, "25.7": true, "25.8": true, "25.9": true, "26.0": true, "26.1": true, "26.2": true, "26.3": true, "26.4": true, "26.5": true, "26.6": true, "26.7": true, "26.8": true, "26.9": true, "27.0": true, "27.1": true, "27.2": true, "27.3": true, "27.4": true, "27.5": true, "27.6": true, "27.7": true, "27.8": true, "27.9": true, "28.0": true, "28.1": true, "28.2": true, "28.3": true, "28.4": true, "28.5": true, "28.6": true, "28.7": true, "28.8": true, "28.9": true, "29.0": true, "29.1": true, "29.2": true, "29.3": true, "29.4": true, "29.5": true, "29.6": true, "29.7": true, "29.8": true, "29.9": true, "30.0": true, "30.1": true, "30.2": true, "30.3": false, "30.4": false, "30.5": false, "30.6": false, "30.7": false, "30.8": false, "30.9": false, "31.0": false}, "-85.8": {"24": true, "24.1": true, "24.2": true, "24.3": true, "24.4": true, "24.5": true, "24.6": true, "24.7": true, "24.8": true, "24.9": true, "25.0": true, "25.1": true, "25.2": true, "25.3": true, "25.4": true, "25.5": true, "25.6": true, "25.7": true, "25.8": true, "25.9": true, "26.0": true, "26.1": true, "26.2": true, "26.3": true, "26.4": true, "26.5": true, "26.6": true, "26.7": true, "26.8": true, "26.9": true, "27.0": true, "27.1": true, "27.2": true, "27.3": true, "27.4": true, "27.5": true, "27.6": true, "27.7": true, "27.8": true, "27.9": true, "28.0": true, "28.1": true, "28.2": true, "28.3": true, "28.4": true, "28.5": true, "28.6": true, "28.7": true, "28.8": true, "28.9": true, "29.0": true, "29.1": true, "29.2": true, "29.3": true, "29.4": true, "29.5": true, "29.6": true, "29.7": true, "29.8": true, "29.9": true, "30.0": true, "30.1": true, "30.2": false, "30.3": false, "30.4": false, "30.5": false, "30.6": false, "30.7": false, "30.8": false, "30.9": false, "31.0": false}, "-85.7": {"24": true, "24.1": true, "24.2": true, "24.3": true, "24.4": true, "24.5": true, "24.6": true, "24.7": true, "24.8": true, "24.9": true, "25.0": true, "25.1": true, "25.2": true, "25.3": true, "25.4": true, "25.5": true, "25.6": true, "25.7": true, "25.8": true, "25.9": true, "26.0": true, "26.1": true, "26.2": true, "26.3": true, "26.4": true, "26.5": true, "26.6": true, "26.7": true, "26.8": true, "26.9": true, "27.0": true, "27.1": true, "27.2": true, "27.3": true, "27.4": true, "27.5": true, "27.6": true, "27.7": true, "27.8": true, "27.9": true, "28.0": true, "28.1": true, "28.2": true, "28.3": true, "28.4": true, "28.5": true, "28.6": true, "28.7": true, "28.8": true, "28.9": true, "29.0": true, "29.1": true, "29.2": true, "29.3": true, "29.4": true, "29.5": true, "29.6": true, "29.7": true, "29.8": true, "29.9": true, "30.0": true, "30.1": false, "30.2": false, "30.3": false, "30.4": false, "30.5": false, "30.6": false, "30.7": false, "30.8": false, "30.9": false, "31.0": false}, "-85.6": {"24": true, "24.1": true, "24.2": true, "24.3": true, "24.4": true, "24.5": true, "24.6": true, "24.7": true, "24.8": true, "24.9": true, "25.0": true, "25.1": true, "25.2": true, "25.3": true, "25.4": true, "25.5": true, "25.6": true, "25.7": true, "25.8": true, "25.9": true, "26.0": true, "26.1": true, "26.2": true, "26.3": true, "26.4": true, "26.5": true, "26.6": true, "26.7": true, "26.8": true, "26.9": true, "27.0": true, "27.1": true, "27.2": true, "27.3": true, "27.4": true, "27.5": true, "27.6": true, "27.7": true, "27.8": true, "27.9": true, "28.0": true, "28.1": true, "28.2": true, "28.3": true, "28.4": true, "28.5": true, "28.6": true, "28.7": true, "28.8": true, "28.9": true, "29.0": true, "29.1": true, "29.2": true, "29.3": true, "29.4": true, "29.5": true, "29.6": true, "29.7": true, "29.8": true, "29.9": true, "30.0": true, "30.1": true, "30.2": false, "30.3": false, "30.4": false, "30.5": false, "30.6": false, "30.7": false, "30.8": false, "30.9": false, "31.0": false}, "-85.5": {"24": true, "24.1": true, "24.2": true, "24.3": true, "24.4": true, "24.5": true, "24.6": true, "24.7": true, "24.8": true, "24.9": true, "25.0": true, "25.1": true, "25.2": true, "25.3": true, "25.4": true, "25.5": true, "25.6": true, "25.7": true, "25.8": true, "25.9": true, "26.0": true, "26.1": true, "26.2": true, "26.3": true, "26.4": true, "26.5": true, "26.6": true, "26.7": true, "26.8": true, "26.9": true, "27.0": true, "27.1": true, "27.2": true, "27.3": true, "27.4": true, "27.5": true, "27.6": true, "27.7": true, "27.8": true, "27.9": true, "28.0": true, "28.1": true, "28.2": true, "28.3": true, "28.4": true, "28.5": true, "28.6": true, "28.7": true, "28.8": true, "28.9": true, "29.0": true, "29.1": true, "29.2": true, "29.3": true, "29.4": true, "29.5": true, "29.6": true, "29.7": true, "29.8": true, "29.9": true, "30.0": false, "30.1": false, "30.2": false, "30.3": false, "30.4": false, "30.5": false, "30.6": false, "30.7": false, "30.8": false, "30.9": false, "31.0": false}, "-85.4": {"24": true, "24.1": true, "24.2": true, "24.3": true, "24.4": true, "24.5": true, "24.6": true, "24.7": true, "24.8": true, "24.9": true, "25.0": true, "25.1": true, "25.2": true, "25.3": true, "25.4": true, "25.5": true, "25.6": true, "25.7": true, "25.8": true, "25.9": true, "26.0": true, "26.1": true, "26.2": true, "26.3": true, "26.4": true, "26.5": true, "26.6": true, "26.7": true, "26.8": true, "26.9": true, "27.0": true, "27.1": true, "27.2": true, "27.3": true, "27.4": true, "27.5": true, "27.6": true, "27.7": true, "27.8": true, "27.9": true, "28.0": true, "28.1": true, "28.2": true, "28.3": true, "28.4": true, "28.5": true, "28.6": true, "28.7": true, "28.8": true, "28.9": true, "29.0": true, "29.1": true, "29.2": true, "29.3": true, "29.4": true, "29.5": true, "29.6": true, "29.7": true, "29.8": true, "29.9": true, "30.0": false, "30.1": false, "30.2": false, "30.3": false, "30.4": false, "30.5": false, "30.6": false, "30.7": false, "30.8": false, "30.9": false, "31.0": false}, "-85.3": {"24": true, "24.1": true, "24.2": true, "24.3": true, "24.4": true, "24.5": true, "24.6": true, "24.7": true, "24.8": true, "24.9": true, "25.0": true, "25.1": true, "25.2": true, "25.3": true, "25.4": true, "25.5": true, "25.6": true, "25.7": true, "25.8": true, "25.9": true, "26.0": true, "26.1": true, "26.2": true, "26.3": true, "26.4": true, "26.5": true, "26.6": true, "26.7": true, "26.8": true, "26.9": true, "27.0": true, "27.1": true, "27.2": true, "27.3": true, "27.4": true, "27.5": true, "27.6": true, "27.7": true, "27.8": true, "27.9": true, "28.0": true, "28.1": true, "28.2": true, "28.3": true, "28.4": true, "28.5": true, "28.6": true, "28.7": true, "28.8": true, "28.9": true, "29.0": true, "29.1": true, "29.2": true, "29.3": true, "29.4": true, "29.5": true, "29.6": true, "29.7": false, "29.8": false, "29.9": false, "30.0": false, "30.1": false, "30.2": false, "30.3": false, "30.4": false, "30.5": false, "30.6": false, "30.7": false, "30.8": false, "30.9": false, "31.0": false}, "-85.2": {"24": true, "24.1": true, "24.2": true, "24.3": true, "24.4": true, "24.5": true, "24.6": true, "24.7": true, "24.8": true, "24.9": true, "25.0": true, "25.1": true, "25.2": true, "25.3": true, "25.4": true, "25.5": true, "25.6": true, "25.7": true, "25.8": true, "25.9": true, "26.0": true, "26.1": true, "26.2": true, "26.3": true, "26.4": true, "26.5": true, "26.6": true, "26.7": true, "26.8": true, "26.9": true, "27.0": true, "27.1": true, "27.2": true, "27.3": true, "27.4": true, "27.5": true, "27.6": true, "27.7": true, "27.8": true, "27.9": true, "28.0": true, "28.1": true, "28.2": true, "28.3": true, "28.4": true, "28.5": true, "28.6": true, "28.7": true, "28.8": true, "28.9": true, "29.0": true, "29.1": true, "29.2": true, "29.3": true, "29.4": true, "29.5": true, "29.6": true, "29.7": false, "29.8": false, "29.9": false, "30.0": false, "30.1": false, "30.2": false, "30.3": false, "30.4": false, "30.5": false, "30.6": false, "30.7": false, "30.8": false, "30.9": false, "31.0": false}, "-85.1": {"24": true, "24.1": true, "24.2": true, "24.3": true, "24.4": true, "24.5": true, "24.6": true, "24.7": true, "24.8": true, "24.9": true, "25.0": true, "25.1": true, "25.2": true, "25.3": true, "25.4": true, "25.5": true, "25.6": true, "25.7": true, "25.8": true, "25.9": true, "26.0": true, "26.1": true, "26.2": true, "26.3": true, "26.4": true, "26.5": true, "26.6": true, "26.7": true, "26.8": true, "26.9": true, "27.0": true, "27.1": true, "27.2": true, "27.3": true, "27.4": true, "27.5": true, "27.6": true, "27.7": true, "27.8": true, "27.9": true, "28.0": true, "28.1": true, "28.2": true, "28.3": true, "28.4": true, "28.5": true, "28.6": true, "28.7": true, "28.8": true, "28.9": true, "29.0": true, "29.1": true, "29.2": true, "29.3": true, "29.4": true, "29.5": true, "29.6": true, "29.7": true, "29.8": false, "29.9": false, "30.0": false, "30.1": false, "30.2": false, "30.3": false, "30.4": false, "30.5": false, "30.6": false, "30.7": false, "30.8": false, "30.9": false, "31.0": false}, "-85.0": {"24": true, "24.1": true, "24.2": true, "24.3": true, "24.4": true, "24.5": true, "24.6": true, "24.7": true, "24.8": true, "24.9": true, "25.0": true, "25.1": true, "25.2": true, "25.3": true, "25.4": true, "25.5": true, "25.6": true, "25.7": true, "25.8": true, "25.9": true, "26.0": true, "26.1": true, "26.2": true, "26.3": true, "26.4": true, "26.5": true, "26.6": true, "26.7": true, "26.8": true, "26.9": true, "27.0": true, "27.1": true, "27.2": true, "27.3": true, "27.4": true, "27.5": true, "27.6": true, "27.7": true, "27.8": true, "27.9": true, "28.0": true, "28.1": true, "28.2": true, "28.3": true, "28.4": true, "28.5": true, "28.6": true, "28.7": true, "28.8": true, "28.9": true, "29.0": true, "29.1": true, "29.2": true, "29.3": true, "29.4": true, "29.5": true, "29.6": false, "29.7": true, "29.8": false, "29.9": false, "30.0": false, "30.1": false, "30.2": false, "30.3": false, "30.4": false, "30.5": false, "30.6": false, "30.7": false, "30.8": false, "30.9": false, "31.0": false}, "-84.9": {"24": true, "24.1": true, "24.2": true, "24.3": true, "24.4": true, "24.5": true, "24.6": true, "24.7": true, "24.8": true, "24.9": true, "25.0": true, "25.1": true, "25.2": true, "25.3": true, "25.4": true, "25.5": true, "25.6": true, "25.7": true, "25.8": true, "25.9": true, "26.0": true, "26.1": true, "26.2": true, "26.3": true, "26.4": true, "26.5": true, "26.6": true, "26.7": true, "26.8": true, "26.9": true, "27.0": true, "27.1": true, "27.2": true, "27.3": true, "27.4": true, "27.5": true, "27.6": true, "27.7": true, "27.8": true, "27.9": true, "28.0": true, "28.1": true, "28.2": true, "28.3": true, "28.4": true, "28.5": true, "28.6": true, "28.7": true, "28.8": true, "28.9": true, "29.0": true, "29.1": true, "29.2": true, "29.3": true, "29.4": true, "29.5": true, "29.6": true, "29.7": true, "29.8": false, "29.9": false, "30.0": false, "30.1": false, "30.2": false, "30.3": false, "30.4": false, "30.5": false, "30.6": false, "30.7": false, "30.8": false, "30.9": false, "31.0": false}, "-84.8": {"24": true, "24.1": true, "24.2": true, "24.3": true, "24.4": true, "24.5": true, "24.6": true, "24.7": true, "24.8": true, "24.9": true, "25.0": true, "25.1": true, "25.2": true, "25.3": true, "25.4": true, "25.5": true, "25.6": true, "25.7": true, "25.8": true, "25.9": true, "26.0": true, "26.1": true, "26.2": true, "26.3": true, "26.4": true, "26.5": true, "26.6": true, "26.7": true, "26.8": true, "26.9": true, "27.0": true, "27.1": true, "27.2": true, "27.3": true, "27.4": true, "27.5": true, "27.6": true, "27.7": true, "27.8": true, "27.9": true, "28.0": true, "28.1": true, "28.2": true, "28.3": true, "28.4": true, "28.5": true, "28.6": true, "28.7": true, "28.8": true, "28.9": true, "29.0": true, "29.1": true, "29.2": true, "29.3": true, "29.4": true, "29.5": true, "29.6": true, "29.7": true, "29.8": false, "29.9": false, "30.0": false, "30.1": false, "30.2": false, "30.3": false, "30.4": false, "30.5": false, "30.6": false, "30.7": false, "30.8": false, "30.9": false, "31.0": false}, "-84.7": {"24": true, "24.1": true, "24.2": true, "24.3": true, "24.4": true, "24.5": true, "24.6": true, "24.7": true, "24.8": true, "24.9": true, "25.0": true, "25.1": true, "25.2": true, "25.3": true, "25.4": true, "25.5": true, "25.6": true, "25.7": true, "25.8": true, "25.9": true, "26.0": true, "26.1": true, "26.2": true, "26.3": true, "26.4": true, "26.5": true, "26.6": true, "26.7": true, "26.8": true, "26.9": true, "27.0": true, "27.1": true, "27.2": true, "27.3": true, "27.4": true, "27.5": true, "27.6": true, "27.7": true, "27.8": true, "27.9": true, "28.0": true, "28.1": true, "28.2": true, "28.3": true, "28.4": true, "28.5": true, "28.6": true, "28.7": true, "28.8": true, "28.9": true, "29.0": true, "29.1": true, "29.2": true, "29.3": true, "29.4": true, "29.5": true, "29.6": true, "29.7": true, "29.8": true, "29.9": false, "30.0": false, "30.1": false, "30.2": false, "30.3": false, "30.4": false, "30.5": false, "30.6": false, "30.7": false, "30.8": false, "30.9": false, "31.0": false}, "-84.6": {"24": true, "24.1": true, "24.2": true, "24.3": true, "24.4": true, "24.5": true, "24.6": true, "24.7": true, "24.8": true, "24.9": true, "25.0": true, "25.1": true, "25.2": true, "25.3": true, "25.4": true, "25.5": true, "25.6": true, "25.7": true, "25.8": true, "25.9": true, "26.0": true, "26.1": true, "26.2": true, "26.3": true, "26.4": true, "26.5": true, "26.6": true, "26.7": true, "26.8": true, "26.9": true, "27.0": true, "27.1": true, "27.2": true, "27.3": true, "27.4": true, "27.5": true, "27.6": true, "27.7": true, "27.8": true, "27.9": true, "28.0": true, "28.1": true, "28.2": true, "28.3": true, "28.4": true, "28.5": true, "28.6": true, "28.7": true, "28.8": true, "28.9": true, "29.0": true, "29.1": true, "29.2": true, "29.3": true, "29.4": true, "29.5": true, "29.6": true, "29.7": true, "29.8": true, "29.9": false, "30.0": false, "30.1": false, "30.2": false, "30.3": false, "30.4": false, "30.5": false, "30.6": false, "30.7": false, "30.8": false, "30.9": true, "31.0": false}, "-84.5": {"24": true, "24.1": true, "24.2": true, "24.3": true, "24.4": true, "24.5": true, "24.6": true, "24.7": true, "24.8": true, "24.9": true, "25.0": true, "25.1": true, "25.2": true, "25.3": true, "25.4": true, "25.5": true, "25.6": true, "25.7": true, "25.8": true, "25.9": true, "26.0": true, "26.1": true, "26.2": true, "26.3": true, "26.4": true, "26.5": true, "26.6": true, "26.7": true, "26.8": true, "26.9": true, "27.0": true, "27.1": true, "27.2": true, "27.3": true, "27.4": true, "27.5": true, "27.6": true, "27.7": true, "27.8": true, "27.9": true, "28.0": true, "28.1": true, "28.2": true, "28.3": true, "28.4": true, "28.5": true, "28.6": true, "28.7": true, "28.8": true, "28.9": true, "29.0": true, "29.1": true, "29.2": true, "29.3": true, "29.4": true, "29.5": true, "29.6": true, "29.7": true, "29.8": true, "29.9": true, "30.0": false, "30.1": false, "30.2": false, "30.3": false, "30.4": false, "30.5": false, "30.6": false, "30.7": false, "30.8": false, "30.9": false, "31.0": false}, "-84.4": {"24": true, "24.1": true, "24.2": true, "24.3": true, "24.4": true, "24.5": true, "24.6": true, "24.7": true, "24.8": true, "24.9": true, "25.0": true, "25.1": true, "25.2": true, "25.3": true, "25.4": true, "25.5": true, "25.6": true, "25.7": true, "25.8": true, "25.9": true, "26.0": true, "26.1": true, "26.2": true, "26.3": true, "26.4": true, "26.5": true, "26.6": true, "26.7": true, "26.8": true, "26.9": true, "27.0": true, "27.1": true, "27.2": true, "27.3": true, "27.4": true, "27.5": true, "27.6": true, "27.7": true, "27.8": true, "27.9": true, "28.0": true, "28.1": true, "28.2": true, "28.3": true, "28.4": true, "28.5": true, "28.6": true, "28.7": true, "28.8": true, "28.9": true, "29.0": true, "29.1": true, "29.2": true, "29.3": true, "29.4": true, "29.5": true, "29.6": true, "29.7": true, "29.8": true, "29.9": false, "30.0": false, "30.1": false, "30.2": false, "30.3": false, "30.4": false, "30.5": false, "30.6": false, "30.7": false, "30.8": false, "30.9": false, "31.0": false}, "-84.3": {"24": true, "24.1": true, "24.2": true, "24.3": true, "24.4": true, "24.5": true, "24.6": true, "24.7": true, "24.8": true, "24.9": true, "25.0": true, "25.1": true, "25.2": true, "25.3": true, "25.4": true, "25.5": true, "25.6": true, "25.7": true, "25.8": true, "25.9": true, "26.0": true, "26.1": true, "26.2": true, "26.3": true, "26.4": true, "26.5": true, "26.6": true, "26.7": true, "26.8": true, "26.9": true, "27.0": true, "27.1": true, "27.2": true, "27.3": true, "27.4": true, "27.5": true, "27.6": true, "27.7": true, "27.8": true, "27.9": true, "28.0": true, "28.1": true, "28.2": true, "28.3": true, "28.4": true, "28.5": true, "28.6": true, "28.7": true, "28.8": true, "28.9": true, "29.0": true, "29.1": true, "29.2": true, "29.3": true, "29.4": true, "29.5": true, "29.6": true, "29.7": true, "29.8": true, "29.9": true, "30.0": true, "30.1": false, "30.2": false, "30.3": false, "30.4": false, "30.5": false, "30.6": false, "30.7": false, "30.8": false, "30.9": false, "31.0": false}, "-84.2": {"24": true, "24.1": true, "24.2": true, "24.3": true, "24.4": true, "24.5": true, "24.6": true, "24.7": true, "24.8": true, "24.9": true, "25.0": true, "25.1": true, "25.2": true, "25.3": true, "25.4": true, "25.5": true, "25.6": true, "25.7": true, "25.8": true, "25.9": true, "26.0": true, "26.1": true, "26.2": true, "26.3": true, "26.4": true, "26.5": true, "26.6": true, "26.7": true, "26.8": true, "26.9": true, "27.0": true, "27.1": true, "27.2": true, "27.3": true, "27.4": true, "27.5": true, "27.6": true, "27.7": true, "27.8": true, "27.9": true, "28.0": true, "28.1": true, "28.2": true, "28.3": true, "28.4": true, "28.5": true, "28.6": true, "28.7": true, "28.8": true, "28.9": true, "29.0": true, "29.1": true, "29.2": true, "29.3": true, "29.4": true, "29.5": true, "29.6": true, "29.7": true, "29.8": true, "29.9": true, "30.0": true, "30.1": true, "30.2": false, "30.3": false, "30.4": false, "30.5": false, "30.6": false, "30.7": false, "30.8": false, "30.9": false, "31.0": false}, "-84.1": {"24": true, "24.1": true, "24.2": true, "24.3": true, "24.4": true, "24.5": true, "24.6": true, "24.7": true, "24.8": true, "24.9": true, "25.0": true, "25.1": true, "25.2": true, "25.3": true, "25.4": true, "25.5": true, "25.6": true, "25.7": true, "25.8": true, "25.9": true, "26.0": true, "26.1": true, "26.2": true, "26.3": true, "26.4": true, "26.5": true, "26.6": true, "26.7": true, "26.8": true, "26.9": true, "27.0": true, "27.1": true, "27.2": true, "27.3": true, "27.4": true, "27.5": true, "27.6": true, "27.7": true, "27.8": true, "27.9": true, "28.0": true, "28.1": true, "28.2": true, "28.3": true, "28.4": true, "28.5": true, "28.6": true, "28.7": true, "28.8": true, "28.9": true, "29.0": true, "29.1": true, "29.2": true, "29.3": true, "29.4": true, "29.5": true, "29.6": true, "29.7": true, "29.8": true, "29.9": true, "30.0": true, "30.1": false, "30.2": false, "30.3": false, "30.4": false, "30.5": false, "30.6": false, "30.7": false, "30.8": false, "30.9": false, "31.0": false}, "-84.0": {"24": true, "24.1": true, "24.2": true, "24.3": true, "24.4": true, "24.5": true, "24.6": true, "24.7": true, "24.8": true, "24.9": true, "25.0": true, "25.1": true, "25.2": true, "25.3": true, "25.4": true, "25.5": true, "25.6": true, "25.7": true, "25.8": true, "25.9": true, "26.0": true, "26.1": true, "26.2": true, "26.3": true, "26.4": true, "26.5": true, "26.6": true, "26.7": true, "26.8": true, "26.9": true, "27.0": true, "27.1": true, "27.2": true, "27.3": true, "27.4": true, "27.5": true, "27.6": true, "27.7": true, "27.8": true, "27.9": true, "28.0": true, "28.1": true, "28.2": true, "28.3": true, "28.4": true, "28.5": true, "28.6": true, "28.7": true, "28.8": true, "28.9": true, "29.0": true, "29.1": true, "29.2": true, "29.3": true, "29.4": true, "29.5": true, "29.6": true, "29.7": true, "29.8": true, "29.9": true, "30.0": true, "30.1": true, "30.2": false, "30.3": false, "30.4": false, "30.5": false, "30.6": true, "30.7": false, "30.8": false, "30.9": false, "31.0": false}, "-83.9": {"24": true, "24.1": true, "24.2": true, "24.3": true, "24.4": true, "24.5": true, "24.6": true, "24.7": true, "24.8": true, "24.9": true, "25.0": true, "25.1": true, "25.2": true, "25.3": true, "25.4": true, "25.5": true, "25.6": true, "25.7": true, "25.8": true, "25.9": true, "26.0": true, "26.1": true, "26.2": true, "26.3": true, "26.4": true, "26.5": true, "26.6": true, "26.7": true, "26.8": true, "26.9": true, "27.0": true, "27.1": true, "27.2": true, "27.3": true, "27.4": true, "27.5": true, "27.6": true, "27.7": true, "27.8": true, "27.9": true, "28.0": true, "28.1": true, "28.2": true, "28.3": true, "28.4": true, "28.5": true, "28.6": true, "28.7": true, "28.8": true, "28.9": true, "29.0": true, "29.1": true, "29.2": true, "29.3": true, "29.4": true, "29.5": true, "29.6": true, "29.7": true, "29.8": true, "29.9": true, "30.0": true, "30.1": false, "30.2": false, "30.3": false, "30.4": false, "30.5": false, "30.6": false, "30.7": false, "30.8": false, "30.9": false, "31.0": false}, "-83.8": {"24": true, "24.1": true, "24.2": true, "24.3": true, "24.4": true, "24.5": true, "24.6": true, "24.7": true, "24.8": true, "24.9": true, "25.0": true, "25.1": true, "25.2": true, "25.3": true, "25.4": true, "25.5": true, "25.6": true, "25.7": true, "25.8": true, "25.9": true, "26.0": true, "26.1": true, "26.2": true, "26.3": true, "26.4": true, "26.5": true, "26.6": true, "26.7": true, "26.8": true, "26.9": true, "27.0": true, "27.1": true, "27.2": true, "27.3": true, "27.4": true, "27.5": true, "27.6": true, "27.7": true, "27.8": true, "27.9": true, "28.0": true, "28.1": true, "28.2": true, "28.3": true, "28.4": true, "28.5": true, "28.6": true, "28.7": true, "28.8": true, "28.9": true, "29.0": true, "29.1": true, "29.2": true, "29.3": true, "29.4": true, "29.5": true, "29.6": true, "29.7": true, "29.8": true, "29.9": true, "30.0": false, "30.1": false, "30.2": false, "30.3": false, "30.4": false, "30.5": false, "30.6": false, "30.7": false, "30.8": false, "30.9": false, "31.0": false}, "-83.7": {"24": true, "24.1": true, "24.2": true, "24.3": true, "24.4": true, "24.5": true, "24.6": true, "24.7": true, "24.8": true, "24.9": true, "25.0": true, "25.1": true, "25.2": true, "25.3": true, "25.4": true, "25.5": true, "25.6": true, "25.7": true, "25.8": true, "25.9": true, "26.0": true, "26.1": true, "26.2": true, "26.3": true, "26.4": true, "26.5": true, "26.6": true, "26.7": true, "26.8": true, "26.9": true, "27.0": true, "27.1": true, "27.2": true, "27.3": true, "27.4": true, "27.5": true, "27.6": true, "27.7": true, "27.8": true, "27.9": true, "28.0": true, "28.1": true, "28.2": true, "28.3": true, "28.4": true, "28.5": true, "28.6": true, "28.7": true, "28.8": true, "28.9": true, "29.0": true, "29.1": true, "29.2": true, "29.3": true, "29.4": true, "29.5": true, "29.6": true, "29.7": true, "29.8": true, "29.9": true, "30.0": false, "30.1": false, "30.2": false, "30.3": false, "30.4": false, "30.5": false, "30.6": false, "30.7": false, "30.8": false, "30.9": false, "31.0": false}, "-83.6": {"24": true, "24.1": true, "24.2": true, "24.3": true, "24.4": true, "24.5": true, "24.6": true, "24.7": true, "24.8": true, "24.9": true, "25.0": true, "25.1": true, "25.2": true, "25.3": true, "25.4": true, "25.5": true, "25.6": true, "25.7": true, "25.8": true, "25.9": true, "26.0": true, "26.1": true, "26.2": true, "26.3": true, "26.4": true, "26.5": true, "26.6": true, "26.7": true, "26.8": true, "26.9": true, "27.0": true, "27.1": true, "27.2": true, "27.3": true, "27.4": true, "27.5": true, "27.6": true, "27.7": true, "27.8": true, "27.9": true, "28.0": true, "28.1": true, "28.2": true, "28.3": true, "28.4": true, "28.5": true, "28.6": true, "28.7": true, "28.8": true, "28.9": true, "29.0": true, "29.1": true, "29.2": true, "29.3": true, "29.4": true, "29.5": true, "29.6": true, "29.7": true, "29.8": true, "29.9": false, "30.0": false, "30.1": false, "30.2": false, "30.3": false, "30.4": false, "30.5": false, "30.6": false, "30.7": false, "30.8": false, "30.9": false, "31.0": false}, "-83.5": {"24": true, "24.1": true, "24.2": true, "24.3": true, "24.4": true, "24.5": true, "24.6": true, "24.7": true, "24.8": true, "24.9": true, "25.0": true, "25.1": true, "25.2": true, "25.3": true, "25.4": true, "25.5": true, "25.6": true, "25.7": true, "25.8": true, "25.9": true, "26.0": true, "26.1": true, "26.2": true, "26.3": true, "26.4": true, "26.5": true, "26.6": true, "26.7": true, "26.8": true, "26.9": true, "27.0": true, "27.1": true, "27.2": true, "27.3": true, "27.4": true, "27.5": true, "27.6": true, "27.7": true, "27.8": true, "27.9": true, "28.0": true, "28.1": true, "28.2": true, "28.3": true, "28.4": true, "28.5": true, "28.6": true, "28.7": true, "28.8": true, "28.9": true, "29.0": true, "29.1": true, "29.2": true, "29.3": true, "29.4": true, "29.5": true, "29.6": true, "29.7": true, "29.8": false, "29.9": false, "30.0": false, "30.1": false, "30.2": false, "30.3": false, "30.4": false, "30.5": false, "30.6": false, "30.7": false, "30.8": false, "30.9": false, "31.0": false}, "-83.4": {"24": true, "24.1": true, "24.2": true, "24.3": true, "24.4": true, "24.5": true, "24.6": true, "24.7": true, "24.8": true, "24.9": true, "25.0": true, "25.1": true, "25.2": true, "25.3": true, "25.4": true, "25.5": true, "25.6": true, "25.7": true, "25.8": true, "25.9": true, "26.0": true, "26.1": true, "26.2": true, "26.3": true, "26.4": true, "26.5": true, "26.6": true, "26.7": true, "26.8": true, "26.9": true, "27.0": true, "27.1": true, "27.2": true, "27.3": true, "27.4": true, "27.5": true, "27.6": true, "27.7": true, "27.8": true, "27.9": true, "28.0": true, "28.1": true, "28.2": true, "28.3": true, "28.4": true, "28.5": true, "28.6": true, "28.7": true, "28.8": true, "28.9": true, "29.0": true, "29.1": true, "29.2": true, "29.3": true, "29.4": true, "29.5": true, "29.6": true, "29.7": false, "29.8": false, "29.9": false, "30.0": false, "30.1": false, "30.2": false, "30.3": false, "30.4": false, "30.5": false, "30.6": false, "30.7": false, "30.8": false, "30.9": false, "31.0": false}, "-83.3": {"24": true, "24.1": true, "24.2": true, "24.3": true, "24.4": true, "24.5": true, "24.6": true, "24.7": true, "24.8": true, "24.9": true, "25.0": true, "25.1": true, "25.2": true, "25.3": true, "25.4": true, "25.5": true, "25.6": true, "25.7": true, "25.8": true, "25.9": true, "26.0": true, "26.1": true, "26.2": true, "26.3": true, "26.4": true, "26.5": true, "26.6": true, "26.7": true, "26.8": true, "26.9": true, "27.0": true, "27.1": true, "27.2": true, "27.3": true, "27.4": true, "27.5": true, "27.6": true, "27.7": true, "27.8": true, "27.9": true, "28.0": true, "28.1": true, "28.2": true, "28.3": true, "28.4": true, "28.5": true, "28.6": true, "28.7": true, "28.8": true, "28.9": true, "29.0": true, "29.1": true, "29.2": true, "29.3": true, "29.4": true, "29.5": false, "29.6": false, "29.7": false, "29.8": false, "29.9": false, "30.0": false, "30.1": false, "30.2": false, "30.3": false, "30.4": false, "30.5": false, "30.6": false, "30.7": false, "30.8": false, "30.9": false, "31.0": false}, "-83.2": {"24": true, "24.1": true, "24.2": true, "24.3": true, "24.4": true, "24.5": true, "24.6": true, "24.7": true, "24.8": true, "24.9": true, "25.0": true, "25.1": true, "25.2": true, "25.3": true, "25.4": true, "25.5": true, "25.6": true, "25.7": true, "25.8": true, "25.9": true, "26.0": true, "26.1": true, "26.2": true, "26.3": true, "26.4": true, "26.5": true, "26.6": true, "26.7": true, "26.8": true, "26.9": true, "27.0": true, "27.1": true, "27.2": true, "27.3": true, "27.4": true, "27.5": true, "27.6": true, "27.7": true, "27.8": true, "27.9": true, "28.0": true, "28.1": true, "28.2": true, "28.3": true, "28.4": true, "28.5": true, "28.6": true, "28.7": true, "28.8": true, "28.9": true, "29.0": true, "29.1": true, "29.2": true, "29.3": true, "29.4": false, "29.5": false, "29.6": false, "29.7": false, "29.8": false, "29.9": false, "30.0": false, "30.1": false, "30.2": false, "30.3": false, "30.4": false, "30.5": false, "30.6": true, "30.7": false, "30.8": false, "30.9": false, "31.0": false}, "-83.1": {"24": true, "24.1": true, "24.2": true, "24.3": true, "24.4": true, "24.5": true, "24.6": true, "24.7": true, "24.8": true, "24.9": true, "25.0": true, "25.1": true, "25.2": true, "25.3": true, "25.4": true, "25.5": true, "25.6": true, "25.7": true, "25.8": true, "25.9": true, "26.0": true, "26.1": true, "26.2": true, "26.3": true, "26.4": true, "26.5": true, "26.6": true, "26.7": true, "26.8": true, "26.9": true, "27.0": true, "27.1": true, "27.2": true, "27.3": true, "27.4": true, "27.5": true, "27.6": true, "27.7": true, "27.8": true, "27.9": true, "28.0": true, "28.1": true, "28.2": true, "28.3": true, "28.4": true, "28.5": true, "28.6": true, "28.7": true, "28.8": true, "28.9": true, "29.0": true, "29.1": true, "29.2": true, "29.3": false, "29.4": false, "29.5": false, "29.6": false, "29.7": false, "29.8": false, "29.9": false, "30.0": false, "30.1": false, "30.2": false, "30.3": false, "30.4": false, "30.5": false, "30.6": false, "30.7": false, "30.8": false, "30.9": false, "31.0": false}, "-83.0": {"24": true, "24.1": true, "24.2": true, "24.3": true, "24.4": true, "24.5": true, "24.6": true, "24.7": true, "24.8": true, "24.9": true, "25.0": true, "25.1": true, "25.2": true, "25.3": true, "25.4": true, "25.5": true, "25.6": true, "25.7": true, "25.8": true, "25.9": true, "26.0": true, "26.1": true, "26.2": true, "26.3": true, "26.4": true, "26.5": true, "26.6": true, "26.7": true, "26.8": true, "26.9": true, "27.0": true, "27.1": true, "27.2": true, "27.3": true, "27.4": true, "27.5": true, "27.6": true, "27.7": true, "27.8": true, "27.9": true, "28.0": true, "28.1": true, "28.2": true, "28.3": true, "28.4": true, "28.5": true, "28.6": true, "28.7": true, "28.8": true, "28.9": true, "29.0": true, "29.1": true, "29.2": false, "29.3": false, "29.4": false, "29.5": false, "29.6": false, "29.7": false, "29.8": false, "29.9": false, "30.0": false, "30.1": false, "30.2": false, "30.3": false, "30.4": false, "30.5": false, "30.6": false, "30.7": false, "30.8": false, "30.9": false, "31.0": false}, "-82.9": {"24": true, "24.1": true, "24.2": true, "24.3": true, "24.4": true, "24.5": true, "24.6": true, "24.7": true, "24.8": true, "24.9": true, "25.0": true, "25.1": true, "25.2": true, "25.3": true, "25.4": true, "25.5": true, "25.6": true, "25.7": true, "25.8": true, "25.9": true, "26.0": true, "26.1": true, "26.2": true, "26.3": true, "26.4": true, "26.5": true, "26.6": true, "26.7": true, "26.8": true, "26.9": true, "27.0": true, "27.1": true, "27.2": true, "27.3": true, "27.4": true, "27.5": true, "27.6": true, "27.7": true, "27.8": true, "27.9": true, "28.0": true, "28.1": true, "28.2": true, "28.3": true, "28.4": true, "28.5": true, "28.6": true, "28.7": true, "28.8": true, "28.9": true, "29.0": true, "29.1": true, "29.2": false, "29.3": false, "29.4": false, "29.5": false, "29.6": false, "29.7": false, "29.8": false, "29.9": false, "30.0": false, "30.1": false, "30.2": false, "30.3": false, "30.4": false, "30.5": false, "30.6": false, "30.7": false, "30.8": false, "30.9": false, "31.0": false}, "-82.8": {"24": true, "24.1": true, "24.2": true, "24.3": true, "24.4": true, "24.5": true, "24.6": true, "24.7": true, "24.8": true, "24.9": true, "25.0": true, "25.1": true, "25.2": true, "25.3": true, "25.4": true, "25.5": true, "25.6": true, "25.7": true, "25.8": true, "25.9": true, "26.0": true, "26.1": true, "26.2": true, "26.3": true, "26.4": true, "26.5": true, "26.6": true, "26.7": true, "26.8": true, "26.9": true, "27.0": true, "27.1": true, "27.2": true, "27.3": true, "27.4": true, "27.5": true, "27.6": true, "27.7": true, "27.8": false, "27.9": false, "28.0": true, "28.1": true, "28.2": true, "28.3": true, "28.4": true, "28.5": true, "28.6": true, "28.7": true, "28.8": true, "28.9": true, "29.0": true, "29.1": true, "29.2": false, "29.3": false, "29.4": false, "29.5": false, "29.6": false, "29.7": false, "29.8": false, "29.9": false, "30.0": false, "30.1": false, "30.2": false, "30.3": false, "30.4": false, "30.5": false, "30.6": false, "30.7": false, "30.8": false, "30.9": false, "31.0": false}, "-82.7": {"24": true, "24.1": true, "24.2": true, "24.3": true, "24.4": true, "24.5": true, "24.6": true, "24.7": true, "24.8": true, "24.9": true, "25.0": true, "25.1": true, "25.2": true, "25.3": true, "25.4": true, "25.5": true, "25.6": true, "25.7": true, "25.8": true, "25.9": true, "26.0": true, "26.1": true, "26.2": true, "26.3": true, "26.4": true, "26.5": true, "26.6": true, "26.7": true, "26.8": true, "26.9": true, "27.0": true, "27.1": true, "27.2": true, "27.3": true, "27.4": true, "27.5": true, "27.6": true, "27.7": true, "27.8": false, "27.9": false, "28.0": false, "28.1": false, "28.2": false, "28.3": false, "28.4": true, "28.5": true, "28.6": true, "28.7": true, "28.8": true, "28.9": true, "29.0": false, "29.1": false, "29.2": false, "29.3": false, "29.4": false, "29.5": false, "29.6": false, "29.7": false, "29.8": false, "29.9": false, "30.0": false, "30.1": false, "30.2": false, "30.3": false, "30.4": false, "30.5": false, "30.6": false, "30.7": false, "30.8": false, "30.9": false, "31.0": false}, "-82.6": {"24": true, "24.1": true, "24.2": true, "24.3": true, "24.4": true, "24.5": true, "24.6": true, "24.7": true, "24.8": true, "24.9": true, "25.0": true, "25.1": true, "25.2": true, "25.3": true, "25.4": true, "25.5": true, "25.6": true, "25.7": true, "25.8": true, "25.9": true, "26.0": true, "26.1": true, "26.2": true, "26.3": true, "26.4": true, "26.5": true, "26.6": true, "26.7": true, "26.8": true, "26.9": true, "27.0": true, "27.1": true, "27.2": true, "27.3": true, "27.4": true, "27.5": false, "27.6": true, "27.7": true, "27.8": true, "27.9": true, "28.0": true, "28.1": false, "28.2": false, "28.3": false, "28.4": false, "28.5": false, "28.6": false, "28.7": false, "28.8": false, "28.9": false, "29.0": false, "29.1": false, "29.2": false, "29.3": false, "29.4": false, "29.5": false, "29.6": false, "29.7": false, "29.8": false, "29.9": false, "30.0": false, "30.1": false, "30.2": false, "30.3": false, "30.4": false, "30.5": false, "30.6": false, "30.7": false, "30.8": false, "30.9": false, "31.0": false}, "-82.5": {"24": true, "24.1": true, "24.2": true, "24.3": true, "24.4": true, "24.5": true, "24.6": true, "24.7": true, "24.8": true, "24.9": true, "25.0": true, "25.1": true, "25.2": true, "25.3": true, "25.4": true, "25.5": true, "25.6": true, "25.7": true, "25.8": true, "25.9": true, "26.0": true, "26.1": true, "26.2": true, "26.3": true, "26.4": true, "26.5": true, "26.6": true, "26.7": true, "26.8": true, "26.9": true, "27.0": true, "27.1": true, "27.2": true, "27.3": false, "27.4": false, "27.5": false, "27.6": false, "27.7": false, "27.8": true, "27.9": false, "28.0": false, "28.1": true, "28.2": false, "28.3": false, "28.4": false, "28.5": false, "28.6": false, "28.7": false, "28.8": false, "28.9": false, "29.0": false, "29.1": false, "29.2": false, "29.3": false, "29.4": false, "29.5": false, "29.6": false, "29.7": false, "29.8": false, "29.9": false, "30.0": false, "30.1": false, "30.2": false, "30.3": false, "30.4": false, "30.5": false, "30.6": false, "30.7": false, "30.8": false, "30.9": false, "31.0": false}, "-82.4": {"24": true, "24.1": true, "24.2": true, "24.3": true, "24.4": true, "24.5": true, "24.6": true, "24.7": true, "24.8": true, "24.9": true, "25.0": true, "25.1": true, "25.2": true, "25.3": true, "25.4": true, "25.5": true, "25.6": true, "25.7": true, "25.8": true, "25.9": true, "26.0": true, "26.1": true, "26.2": true, "26.3": true, "26.4": true, "26.5": true, "26.6": true, "26.7": true, "26.8": true, "26.9": true, "27.0": false, "27.1": false, "27.2": false, "27.3": false, "27.4": false, "27.5": false, "27.6": false, "27.7": false, "27.8": false, "27.9": false, "28.0": false, "28.1": false, "28.2": false, "28.3": false, "28.4": false, "28.5": false, "28.6": false, "28.7": false, "28.8": false, "28.9": false, "29.0": false, "29.1": false, "29.2": false, "29.3": false, "29.4": false, "29.5": false, "29.6": false, "29.7": false, "29.8": false, "29.9": false, "30.0": false, "30.1": false, "30.2": false, "30.3": false, "30.4": false, "30.5": false, "30.6": false, "30.7": false, "30.8": false, "30.9": false, "31.0": false}, "-82.3": {"24": true, "24.1": true, "24.2": true, "24.3": true, "24.4": true, "24.5": true, "24.6": true, "24.7": true, "24.8": true, "24.9": true, "25.0": true, "25.1": true, "25.2": true, "25.3": true, "25.4": true, "25.5": true, "25.6": true, "25.7": true, "25.8": true, "25.9": true, "26.0": true, "26.1": true, "26.2": true, "26.3": true, "26.4": true, "26.5": true, "26.6": true, "26.7": true, "26.8": true, "26.9": false, "27.0": false, "27.1": false, "27.2": false, "27.3": false, "27.4": false, "27.5": false, "27.6": false, "27.7": false, "27.8": false, "27.9": false, "28.0": false, "28.1": false, "28.2": false, "28.3": false, "28.4": false, "28.5": false, "28.6": false, "28.7": false, "28.8": false, "28.9": false, "29.0": false, "29.1": false, "29.2": false, "29.3": false, "29.4": false, "29.5": false, "29.6": false, "29.7": false, "29.8": false, "29.9": false, "30.0": false, "30.1": false, "30.2": false, "30.3": false, "30.4": false, "30.5": false, "30.6": false, "30.7": false, "30.8": false, "30.9": false, "31.0": false}, "-82.2": {"24": true, "24.1": true, "24.2": true, "24.3": true, "24.4": true, "24.5": true, "24.6": true, "24.7": true, "24.8": true, "24.9": true, "25.0": true, "25.1": true, "25.2": true, "25.3": true, "25.4": true, "25.5": true, "25.6": true, "25.7": true, "25.8": true, "25.9": true, "26.0": true, "26.1": true, "26.2": true, "26.3": true, "26.4": true, "26.5": true, "26.6": true, "26.7": true, "26.8": false, "26.9": false, "27.0": false, "27.1": false, "27.2": false, "27.3": false, "27.4": false, "27.5": false, "27.6": false, "27.7": false, "27.8": false, "27.9": false, "28.0": false, "28.1": false, "28.2": false, "28.3": false, "28.4": false, "28.5": false, "28.6": false, "28.7": false, "28.8": false, "28.9": false, "29.0": false, "29.1": false, "29.2": false, "29.3": false, "29.4": false, "29.5": false, "29.6": false, "29.7": false, "29.8": false, "29.9": false, "30.0": false, "30.1": false, "30.2": false, "30.3": false, "30.4": false, "30.5": false, "30.6": false, "30.7": false, "30.8": false, "30.9": false, "31.0": false}, "-82.1": {"24": true, "24.1": true, "24.2": true, "24.3": true, "24.4": true, "24.5": true, "24.6": true, "24.7": true, "24.8": true, "24.9": true, "25.0": true, "25.1": true, "25.2": true, "25.3": true, "25.4": true, "25.5": true, "25.6": true, "25.7": true, "25.8": true, "25.9": true, "26.0": true, "26.1": true, "26.2": true, "26.3": true, "26.4": true, "26.5": false, "26.6": false, "26.7": true, "26.8": true, "26.9": true, "27.0": false, "27.1": false, "27.2": false, "27.3": false, "27.4": false, "27.5": false, "27.6": false, "27.7": false, "27.8": false, "27.9": false, "28.0": false, "28.1": false, "28.2": false, "28.3": false, "28.4": false, "28.5": false, "28.6": false, "28.7": false, "28.8": false, "28.9": false, "29.0": false, "29.1": false, "29.2": false, "29.3": false, "29.4": false, "29.5": false, "29.6": false, "29.7": false, "29.8": false, "29.9": false, "30.0": false, "30.1": false, "30.2": false, "30.3": false, "30.4": false, "30.5": false, "30.6": false, "30.7": false, "30.8": false, "30.9": false, "31.0": false}, "-82.0": {"24": true, "24.1": true, "24.2": true, "24.3": true, "24.4": true, "24.5": true, "24.6": true, "24.7": true, "24.8": true, "24.9": true, "25.0": true, "25.1": true, "25.2": true, "25.3": true, "25.4": true, "25.5": true, "25.6": true, "25.7": true, "25.8": true, "25.9": true, "26.0": true, "26.1": true, "26.2": true, "26.3": true, "26.4": true, "26.5": true, "26.6": false, "26.7": false, "26.8": false, "26.9": false, "27.0": false, "27.1": false, "27.2": false, "27.3": false, "27.4": false, "27.5": false, "27.6": false, "27.7": false, "27.8": false, "27.9": false, "28.0": false, "28.1": false, "28.2": false, "28.3": false, "28.4": false, "28.5": false, "28.6": false, "28.7": false, "28.8": false, "28.9": false, "29.0": false, "29.1": false, "29.2": false, "29.3": false, "29.4": false, "29.5": false, "29.6": false, "29.7": false, "29.8": false, "29.9": false, "30.0": false, "30.1": false, "30.2": false, "30.3": false, "30.4": false, "30.5": false, "30.6": false, "30.7": false, "30.8": false, "30.9": false, "31.0": false}, "-81.9": {"24": true, "24.1": true, "24.2": true, "24.3": true, "24.4": true, "24.5": true, "24.6": true, "24.7": true, "24.8": true, "24.9": true, "25.0": true, "25.1": true, "25.2": true, "25.3": true, "25.4": true, "25.5": true, "25.6": true, "25.7": true, "25.8": true, "25.9": true, "26.0": true, "26.1": true, "26.2": true, "26.3": true, "26.4": true, "26.5": false, "26.6": true, "26.7": false, "26.8": false, "26.9": false, "27.0": false, "27.1": false, "27.2": false, "27.3": false, "27.4": false, "27.5": false, "27.6": false, "27.7": false, "27.8": false, "27.9": false, "28.0": false, "28.1": false, "28.2": false, "28.3": false, "28.4": false, "28.5": false, "28.6": false, "28.7": false, "28.8": false, "28.9": false, "29.0": false, "29.1": false, "29.2": false, "29.3": false, "29.4": false, "29.5": false, "29.6": false, "29.7": false, "29.8": false, "29.9": false, "30.0": false, "30.1": false, "30.2": false, "30.3": false, "30.4": false, "30.5": false, "30.6": false, "30.7": false, "30.8": false, "30.9": false, "31.0": false}, "-81.8": {"24": true, "24.1": true, "24.2": true, "24.3": true, "24.4": true, "24.5": true, "24.6": true, "24.7": true, "24.8": true, "24.9": true, "25.0": true, "25.1": true, "25.2": true, "25.3": true, "25.4": true, "25.5": true, "25.6": true, "25.7": true, "25.8": true, "25.9": true, "26.0": true, "26.1": false, "26.2": false, "26.3": false, "26.4": false, "26.5": false, "26.6": false, "26.7": true, "26.8": false, "26.9": false, "27.0": false, "27.1": false, "27.2": false, "27.3": false, "27.4": false, "27.5": false, "27.6": false, "27.7": false, "27.8": false, "27.9": false, "28.0": false, "28.1": true, "28.2": false, "28.3": false, "28.4": false, "28.5": false, "28.6": false, "28.7": false, "28.8": true, "28.9": false, "29.0": true, "29.1": false, "29.2": false, "29.3": false, "29.4": false, "29.5": true, "29.6": false, "29.7": false, "29.8": false, "29.9": false, "30.0": false, "30.1": false, "30.2": false, "30.3": false, "30.4": false, "30.5": false, "30.6": false, "30.7": false, "30.8": false, "30.9": false, "31.0": false}, "-81.7": {"24": true, "24.1": true, "24.2": true, "24.3": true, "24.4": true, "24.5": true, "24.6": true, "24.7": true, "24.8": true, "24.9": true, "25.0": true, "25.1": true, "25.2": true, "25.3": true, "25.4": true, "25.5": true, "25.6": true, "25.7": true, "25.8": true, "25.9": true, "26.0": false, "26.1": false, "26.2": false, "26.3": false, "26.4": false, "26.5": false, "26.6": false, "26.7": false, "26.8": false, "26.9": false, "27.0": false, "27.1": false, "27.2": false, "27.3": false, "27.4": false, "27.5": false, "27.6": false, "27.7": false, "27.8": false, "27.9": false, "28.0": false, "28.1": true, "28.2": false, "28.3": false, "28.4": false, "28.5": false, "28.6": false, "28.7": false, "28.8": false, "28.9": false, "29.0": false, "29.1": false, "29.2": true, "29.3": false, "29.4": false, "29.5": false, "29.6": false, "29.7": false, "29.8": false, "29.9": false, "30.0": false, "30.1": false, "30.2": false, "30.3": false, "30.4": false, "30.5": false, "30.6": false, "30.7": false, "30.8": false, "30.9": false, "31.0": false}, "-81.6": {"24": true, "24.1": true, "24.2": true, "24.3": true, "24.4": true, "24.5": true, "24.6": true, "24.7": true, "24.8": true, "24.9": true, "25.0": true, "25.1": true, "25.2": true, "25.3": true, "25.4": true, "25.5": true, "25.6": true, "25.7": true, "25.8": true, "25.9": true, "26.0": false, "26.1": false, "26.2": false, "26.3": false, "26.4": false, "26.5": false, "26.6": false, "26.7": false, "26.8": false, "26.9": false, "27.0": false, "27.1": false, "27.2": false, "27.3": false, "27.4": false, "27.5": false, "27.6": false, "27.7": false, "27.8": false, "27.9": false, "28.0": true, "28.1": false, "28.2": false, "28.3": false, "28.4": false, "28.5": false, "28.6": true, "28.7": false, "28.8": false, "28.9": false, "29.0": false, "29.1": false, "29.2": false, "29.3": true, "29.4": false, "29.5": false, "29.6": false, "29.7": false, "29.8": false, "29.9": true, "30.0": false, "30.1": false, "30.2": false, "30.3": false, "30.4": true, "30.5": false, "30.6": false, "30.7": false, "30.8": false, "30.9": false, "31.0": false}, "-81.5": {"24": true, "24.1": true, "24.2": true, "24.3": true, "24.4": true, "24.5": true, "24.6": true, "24.7": true, "24.8": true, "24.9": true, "25.0": true, "25.1": true, "25.2": true, "25.3": true, "25.4": true, "25.5": true, "25.6": true, "25.7": true, "25.8": true, "25.9": false, "26.0": false, "26.1": false, "26.2": false, "26.3": false, "26.4": false, "26.5": false, "26.6": false, "26.7": false, "26.8": false, "26.9": false, "27.0": false, "27.1": false, "27.2": false, "27.3": false, "27.4": false, "27.5": false, "27.6": false, "27.7": false, "27.8": false, "27.9": false, "28.0": false, "28.1": false, "28.2": false, "28.3": false, "28.4": false, "28.5": false, "28.6": false, "28.7": false, "28.8": false, "28.9": false, "29.0": false, "29.1": false, "29.2": false, "29.3": false, "29.4": false, "29.5": true, "29.6": false, "29.7": false, "29.8": false, "29.9": false, "30.0": false, "30.1": false, "30.2": false, "30.3": false, "30.4": false, "30.5": false, "30.6": false, "30.7": true, "30.8": false, "30.9": true, "31.0": true}, "-81.4": {"24": true, "24.1": true, "24.2": true, "24.3": true, "24.4": true, "24.5": true, "24.6": true, "24.7": true, "24.8": true, "24.9": true, "25.0": true, "25.1": true, "25.2": true, "25.3": true, "25.4": true, "25.5": true, "25.6": true, "25.7": true, "25.8": false, "25.9": false, "26.0": false, "26.1": false, "26.2": false, "26.3": false, "26.4": false, "26.5": false, "26.6": false, "26.7": false, "26.8": false, "26.9": false, "27.0": false, "27.1": false, "27.2": false, "27.3": true, "27.4": false, "27.5": false, "27.6": false, "27.7": true, "27.8": false, "27.9": false, "28.0": false, "28.1": false, "28.2": true, "28.3": false, "28.4": false, "28.5": false, "28.6": false, "28.7": false, "28.8": false, "28.9": false, "29.0": false, "29.1": false, "29.2": false, "29.3": false, "29.4": false, "29.5": false, "29.6": false, "29.7": false, "29.8": false, "29.9": false, "30.0": false, "30.1": false, "30.2": false, "30.3": false, "30.4": true, "30.5": true, "30.6": true, "30.7": true, "30.8": true, "30.9": true, "31.0": true}, "-81.3": {"24": true, "24.1": true, "24.2": true, "24.3": true, "24.4": true, "24.5": true, "24.6": true, "24.7": true, "24.8": true, "24.9": true, "25.0": true, "25.1": true, "25.2": true, "25.3": true, "25.4": true, "25.5": true, "25.6": true, "25.7": false, "25.8": false, "25.9": false, "26.0": false, "26.1": false, "26.2": false, "26.3": false, "26.4": false, "26.5": false, "26.6": false, "26.7": false, "26.8": false, "26.9": false, "27.0": false, "27.1": false, "27.2": false, "27.3": true, "27.4": true, "27.5": false, "27.6": false, "27.7": false, "27.8": false, "27.9": true, "28.0": false, "28.1": false, "28.2": false, "28.3": true, "28.4": false, "28.5": false, "28.6": false, "28.7": false, "28.8": false, "28.9": false, "29.0": false, "29.1": false, "29.2": false, "29.3": false, "29.4": false, "29.5": false, "29.6": false, "29.7": false, "29.8": false, "29.9": false, "30.0": true, "30.1": true, "30.2": true, "30.3": true, "30.4": true, "30.5": true, "30.6": true, "30.7": true, "30.8": true, "30.9": true, "31.0": true}, "-81.2": {"24": true, "24.1": true, "24.2": true, "24.3": true, "24.4": true, "24.5": true, "24.6": true, "24.7": true, "24.8": true, "24.9": true, "25.0": true, "25.1": true, "25.2": true, "25.3": true, "25.4": true, "25.5": false, "25.6": false, "25.7": true, "25.8": false, "25.9": false, "26.0": false, "26.1": false, "26.2": false, "26.3": false, "26.4": false, "26.5": false, "26.6": false, "26.7": false, "26.8": false, "26.9": false, "27.0": false, "27.1": false, "27.2": false, "27.3": false, "27.4": false, "27.5": false, "27.6": false, "27.7": false, "27.8": false, "27.9": false, "28.0": false, "28.1": false, "28.2": false, "28.3": false, "28.4": false, "28.5": false, "28.6": false, "28.7": false, "28.8": true, "28.9": false, "29.0": false, "29.1": false, "29.2": false, "29.3": false, "29.4": false, "29.5": true, "29.6": true, "29.7": true, "29.8": true, "29.9": true, "30.0": true, "30.1": true, "30.2": true, "30.3": true, "30.4": true, "30.5": true, "30.6": true, "30.7": true, "30.8": true, "30.9": true, "31.0": true}, "-81.1": {"24": true, "24.1": true, "24.2": true, "24.3": true, "24.4": true, "24.5": true, "24.6": true, "24.7": false, "24.8": true, "24.9": true, "25.0": true, "25.1": true, "25.2": false, "25.3": false, "25.4": false, "25.5": false, "25.6": false, "25.7": false, "25.8": false, "25.9": false, "26.0": false, "26.1": false, "26.2": false, "26.3": false, "26.4": false, "26.5": false, "26.6": false, "26.7": false, "26.8": false, "26.9": false, "27.0": false, "27.1": false, "27.2": false, "27.3": false, "27.4": false, "27.5": false, "27.6": false, "27.7": false, "27.8": false, "27.9": false, "28.0": false, "28.1": false, "28.2": false, "28.3": false, "28.4": false, "28.5": false, "28.6": false, "28.7": false, "28.8": false, "28.9": false, "29.0": false, "29.1": false, "29.2": false, "29.3": false, "29.4": false, "29.5": true, "29.6": true, "29.7": true, "29.8": true, "29.9": true, "30.0": true, "30.1": true, "30.2": true, "30.3": true, "30.4": true, "30.5": true, "30.6": true, "30.7": true, "30.8": true, "30.9": true, "31.0": true}, "-81.0": {"24": true, "24.1": true, "24.2": true, "24.3": true, "24.4": true, "24.5": true, "24.6": true, "24.7": true, "24.8": true, "24.9": true, "25.0": true, "25.1": true, "25.2": false, "25.3": true, "25.4": false, "25.5": false, "25.6": false, "25.7": false, "25.8": false, "25.9": false, "26.0": false, "26.1": false, "26.2": false, "26.3": false, "26.4": false, "26.5": false, "26.6": false, "26.7": false, "26.8": false, "26.9": true, "27.0": false, "27.1": false, "27.2": false, "27.3": false, "27.4": false, "27.5": false, "27.6": false, "27.7": false, "27.8": false, "27.9": false, "28.0": false, "28.1": false, "28.2": false, "28.3": false, "28.4": false, "28.5": false, "28.6": false, "28.7": false, "28.8": false, "28.9": false, "29.0": false, "29.1": false, "29.2": false, "29.3": true, "29.4": true, "29.5": true, "29.6": true, "29.7": true, "29.8": true, "29.9": true, "30.0": true, "30.1": true, "30.2": true, "30.3": true, "30.4": true, "30.5": true, "30.6": true, "30.7": true, "30.8": true, "30.9": true, "31.0": true}, "-80.9": {"24": true, "24.1": true, "24.2": true, "24.3": true, "24.4": true, "24.5": true, "24.6": true, "24.7": true, "24.8": true, "24.9": true, "25.0": true, "25.1": true, "25.2": false, "25.3": false, "25.4": false, "25.5": false, "25.6": false, "25.7": false, "25.8": false, "25.9": false, "26.0": false, "26.1": false, "26.2": false, "26.3": false, "26.4": false, "26.5": false, "26.6": false, "26.7": false, "26.8": true, "26.9": true, "27.0": true, "27.1": false, "27.2": false, "27.3": false, "27.4": false, "27.5": false, "27.6": false, "27.7": false, "27.8": false, "27.9": false, "28.0": false, "28.1": false, "28.2": false, "28.3": false, "28.4": false, "28.5": false, "28.6": false, "28.7": false, "28.8": false, "28.9": false, "29.0": true, "29.1": true, "29.2": true, "29.3": true, "29.4": true, "29.5": true, "29.6": true, "29.7": true, "29.8": true, "29.9": true, "30.0": true, "30.1": true, "30.2": true, "30.3": true, "30.4": true, "30.5": true, "30.6": true, "30.7": true, "30.8": true, "30.9": true, "31.0": true}, "-80.8": {"24": true, "24.1": true, "24.2": true, "24.3": true, "24.4": true, "24.5": true, "24.6": true, "24.7": true, "24.8": true, "24.9": true, "25.0": true, "25.1": true, "25.2": false, "25.3": false, "25.4": false, "25.5": false, "25.6": false, "25.7": false, "25.8": false, "25.9": false, "26.0": false, "26.1": false, "26.2": false, "26.3": false, "26.4": false, "26.5": false, "26.6": false, "26.7": true, "26.8": true, "26.9": true, "27.0": true, "27.1": true, "27.2": true, "27.3": false, "27.4": false, "27.5": false, "27.6": false, "27.7": false, "27.8": false, "27.9": false, "28.0": false, "28.1": false, "28.2": false, "28.3": false, "28.4": false, "28.5": false, "28.6": true, "28.7": true, "28.8": false, "28.9": true, "29.0": true, "29.1": true, "29.2": true, "29.3": true, "29.4": true, "29.5": true, "29.6": true, "29.7": true, "29.8": true, "29.9": true, "30.0": true, "30.1": true, "30.2": true, "30.3": true, "30.4": true, "30.5": true, "30.6": true, "30.7": true, "30.8": true, "30.9": true, "31.0": true}, "-80.7": {"24": true, "24.1": true, "24.2": true, "24.3": true, "24.4": true, "24.5": true, "24.6": true, "24.7": true, "24.8": true, "24.9": false, "25.0": true, "25.1": false, "25.2": false, "25.3": false, "25.4": false, "25.5": false, "25.6": false, "25.7": false, "25.8": false, "25.9": false, "26.0": false, "26.1": false, "26.2": false, "26.3": false, "26.4": false, "26.5": false, "26.6": false, "26.7": false, "26.8": true, "26.9": true, "27.0": true, "27.1": true, "27.2": false, "27.3": false, "27.4": false, "27.5": false, "27.6": false, "27.7": false, "27.8": false, "27.9": false, "28.0": false, "28.1": false, "28.2": false, "28.3": true, "28.4": false, "28.5": false, "28.6": false, "28.7": true, "28.8": true, "28.9": true, "29.0": true, "29.1": true, "29.2": true, "29.3": true, "29.4": true, "29.5": true, "29.6": true, "29.7": true, "29.8": true, "29.9": true, "30.0": true, "30.1": true, "30.2": true, "30.3": true, "30.4": true, "30.5": true, "30.6": true, "30.7": true, "30.8": true, "30.9": true, "31.0": true}, "-80.6": {"24": true, "24.1": true, "24.2": true, "24.3": true, "24.4": true, "24.5": true, "24.6": true, "24.7": true, "24.8": true, "24.9": true, "25.0": true, "25.1": true, "25.2": false, "25.3": false, "25.4": false, "25.5": false, "25.6": false, "25.7": false, "25.8": false, "25.9": false, "26.0": false, "26.1": false, "26.2": false, "26.3": false, "26.4": false, "26.5": false, "26.6": false, "26.7": false, "26.8": false, "26.9": false, "27.0": false, "27.1": false, "27.2": false, "27.3": false, "27.4": false, "27.5": false, "27.6": false, "27.7": false, "27.8": false, "27.9": false, "28.0": false, "28.1": true, "28.2": false, "28.3": true, "28.4": false, "28.5": true, "28.6": true, "28.7": true, "28.8": true, "28.9": true, "29.0": true, "29.1": true, "29.2": true, "29.3": true, "29.4": true, "29.5": true, "29.6": true, "29.7": true, "29.8": true, "29.9": true, "30.0": true, "30.1": true, "30.2": true, "30.3": true, "30.4": true, "30.5": true, "30.6": true, "30.7": true, "30.8": true, "30.9": true, "31.0": true}, "-80.5": {"24": true, "24.1": true, "24.2": true, "24.3": true, "24.4": true, "24.5": true, "24.6": true, "24.7": true, "24.8": true, "24.9": true, "25.0": true, "25.1": true, "25.2": true, "25.3": false, "25.4": false, "25.5": false, "25.6": false, "25.7": false, "25.8": false, "25.9": false, "26.0": false, "26.1": false, "26.2": false, "26.3": false, "26.4": false, "26.5": false, "26.6": false, "26.7": false, "26.8": false, "26.9": false, "27.0": false, "27.1": false, "27.2": false, "27.3": false, "27.4": false, "27.5": false, "27.6": false, "27.7": false, "27.8": false, "27.9": true, "28.0": true, "28.1": true, "28.2": true, "28.3": true, "28.4": true, "28.5": true, "28.6": true, "28.7": true, "28.8": true, "28.9": true, "29.0": true, "29.1": true, "29.2": true, "29.3": true, "29.4": true, "29.5": true, "29.6": true, "29.7": true, "29.8": true, "29.9": true, "30.0": true, "30.1": true, "30.2": true, "30.3": true, "30.4": true, "30.5": true, "30.6": true, "30.7": true, "30.8": true, "30.9": true, "31.0": true}, "-80.4": {"24": true, "24.1": true, "24.2": true, "24.3": true, "24.4": true, "24.5": true, "24.6": true, "24.7": true, "24.8": true, "24.9": true, "25.0": true, "25.1": true, "25.2": true, "25.3": false, "25.4": false, "25.5": false, "25.6": false, "25.7": false, "25.8": true, "25.9": false, "26.0": false, "26.1": false, "26.2": false, "26.3": false, "26.4": false, "26.5": false, "26.6": false, "26.7": false, "26.8": false, "26.9": false, "27.0": false, "27.1": false, "27.2": false, "27.3": false, "27.4": false, "27.5": false, "27.6": false, "27.7": false, "27.8": true, "27.9": true, "28.0": true, "28.1": true, "28.2": true, "28.3": true, "28.4": true, "28.5": true, "28.6": true, "28.7": true, "28.8": true, "28.9": true, "29.0": true, "29.1": true, "29.2": true, "29.3": true, "29.4": true, "29.5": true, "29.6": true, "29.7": true, "29.8": true, "29.9": true, "30.0": true, "30.1": true, "30.2": true, "30.3": true, "30.4": true, "30.5": true, "30.6": true, "30.7": true, "30.8": true, "30.9": true, "31.0": true}, "-80.3": {"24": true, "24.1": true, "24.2": true, "24.3": true, "24.4": true, "24.5": true, "24.6": true, "24.7": true, "24.8": true, "24.9": true, "25.0": true, "25.1": true, "25.2": true, "25.3": false, "25.4": true, "25.5": true, "25.6": true, "25.7": false, "25.8": false, "25.9": false, "26.0": false, "26.1": false, "26.2": false, "26.3": false, "26.4": false, "26.5": false, "26.6": false, "26.7": false, "26.8": false, "26.9": false, "27.0": false, "27.1": false, "27.2": false, "27.3": false, "27.4": true, "27.5": true, "27.6": true, "27.7": true, "27.8": true, "27.9": true, "28.0": true, "28.1": true, "28.2": true, "28.3": true, "28.4": true, "28.5": true, "28.6": true, "28.7": true, "28.8": true, "28.9": true, "29.0": true, "29.1": true, "29.2": true, "29.3": true, "29.4": true, "29.5": true, "29.6": true, "29.7": true, "29.8": true, "29.9": true, "30.0": true, "30.1": true, "30.2": true, "30.3": true, "30.4": true, "30.5": true, "30.6": true, "30.7": true, "30.8": true, "30.9": true, "31.0": true}, "-80.2": {"24": true, "24.1": true, "24.2": true, "24.3": true, "24.4": true, "24.5": true, "24.6": true, "24.7": true, "24.8": true, "24.9": true, "25.0": true, "25.1": true, "25.2": true, "25.3": true, "25.4": true, "25.5": true, "25.6": true, "25.7": true, "25.8": false, "25.9": false, "26.0": false, "26.1": false, "26.2": true, "26.3": false, "26.4": false, "26.5": false, "26.6": true, "26.7": false, "26.8": true, "26.9": false, "27.0": false, "27.1": false, "27.2": false, "27.3": true, "27.4": true, "27.5": true, "27.6": true, "27.7": true, "27.8": true, "27.9": true, "28.0": true, "28.1": true, "28.2": true, "28.3": true, "28.4": true, "28.5": true, "28.6": true, "28.7": true, "28.8": true, "28.9": true, "29.0": true, "29.1": true, "29.2": true, "29.3": true, "29.4": true, "29.5": true, "29.6": true, "29.7": true, "29.8": true, "29.9": true, "30.0": true, "30.1": true, "30.2": true, "30.3": true, "30.4": true, "30.5": true, "30.6": true, "30.7": true, "30.8": true, "30.9": true, "31.0": true}, "-80.1": {"24": true, "24.1": true, "24.2": true, "24.3": true, "24.4": true, "24.5": true, "24.6": true, "24.7": true, "24.8": true, "24.9": true, "25.0": true, "25.1": true, "25.2": true, "25.3": true, "25.4": true, "25.5": true, "25.6": true, "25.7": true, "25.8": true, "25.9": true, "26.0": true, "26.1": true, "26.2": false, "26.3": false, "26.4": false, "26.5": false, "26.6": false, "26.7": false, "26.8": false, "26.9": false, "27.0": false, "27.1": true, "27.2": true, "27.3": true, "27.4": true, "27.5": true, "27.6": true, "27.7": true, "27.8": true, "27.9": true, "28.0": true, "28.1": true, "28.2": true, "28.3": true, "28.4": true, "28.5": true, "28.6": true, "28.7": true, "28.8": true, "28.9": true, "29.0": true, "29.1": true, "29.2": true, "29.3": true, "29.4": true, "29.5": true, "29.6": true, "29.7": true, "29.8": true, "29.9": true, "30.0": true, "30.1": true, "30.2": true, "30.3": true, "30.4": true, "30.5": true, "30.6": true, "30.7": true, "30.8": true, "30.9": true, "31.0": true}}